number, pin, signal, function, signals
D1, PA00, UART0.A.TXD, init_pins, PA00/GPTMR1.COMP0/UART0.TXD/MCAN0.TXD/PWM0.P0/TRGM.P00/SYSCTL.CLK_OBS0
C1, PA01, UART0.A.RXD, init_pins, PA01/GPTMR1.CAPT0/UART0.RXD/MCAN0.RXD/PWM0.P1/TRGM.P01/SYSCTL.CLK_OBS2
C2, PA02, UART0.A.RTS, init_pins, PA02/GPTMR1.COMP1/UART0.DE/UART0.RTS/I2C2.SCL/MCAN0.STBY/PWM0.P2/TRGM.P02/SYSCTL.CLK_OBS1
B1, PA03, UART0.A.CTS, init_pins, PA03/GPTMR1.CAPT1/UART0.CTS/I2C2.SDA/MCAN1.STBY/PWM0.P3/TRGM.P03/SYSCTL.CLK_OBS3
B2, PA04, JTAG.A.TDO, init_pins, PA04/UART1.CTS/SPI1.SCLK/MCAN1.RXD/PWM0.P4/TRGM.P04/JTAG.TDO
B3, PA05, JTAG.A.TDI, init_pins, PA05/GPTMR1.COMP2/UART1.DE/UART1.RTS/SPI1.CS0/MCAN1.TXD/PWM0.P5/TRGM.P05/JTAG.TDI
B4, PA06, JTAG.A.TCK, init_pins, PA06/GPTMR0.CAPT0/UART1.RXD/I2C3.SDA/SPI1.MISO/PWM0.P6/TRGM.P06/JTAG.TCK
A2, PA07, JTAG.A.TMS, init_pins, PA07/GPTMR0.COMP0/UART1.TXD/I2C3.SCL/SPI1.MOSI/PWM0.P7/TRGM.P07/JTAG.TMS
A3, PA08, JTAG.A.TRST, init_pins, PA08/GPTMR0.COMP1/UART2.TXD/I2C0.SCL/MCAN2.TXD/PWM1.P0/TRGM.P08/JTAG.TRST
K1, PA16, ENET_PHY.A.PHY1_RD_N, init_pins, PA16/GPTMR3.COMP0/UART4.TXD/ESC0.P0_RXDV/QEO1.A/SDM0.DAT3/EUI0.CK/ENET_PHY.PHY1_RD_N
J1, PA17, ENET_PHY.A.PHY1_RD_P, init_pins, PA17/GPTMR3.CAPT0/UART4.RXD/ESC0.P0_RXD0/QEO1.B/SDM0.CLK3/EUI0.SH/ENET_PHY.PHY1_RD_P
J2, PA18, ENET_PHY.A.PHY1_TD_N, init_pins, PA18/GPTMR3.COMP1/UART4.DE/UART4.RTS/ESC0.P0_RXD1/QEO1.Z/SDM0.DAT2/EUI0.DI/ENET_PHY.PHY1_TD_N
H1, PA19, ENET_PHY.A.PHY1_TD_P, init_pins, PA19/GPTMR3.CAPT1/UART4.CTS/SPI3.CS3/ESC0.P0_RXD2/SDM0.CLK2/EUI0.DO/ENET_PHY.PHY1_TD_P
H2, PA20, ENET_PHY.A.PHY0_RD_N, init_pins, PA20/UART5.CTS/SPI2.SCLK/ESC0.P0_RXD3/SDM0.DAT1/ENET_PHY.PHY0_RD_N
H3, PA21, ENET_PHY.A.PHY0_RD_P, init_pins, PA21/GPTMR3.COMP2/UART5.DE/UART5.RTS/SPI2.CS0/ESC0.P0_RXCK/QEO0.Z/SDM0.CLK1/OWR0.DAT/ENET_PHY.PHY0_RD_P
G1, PA22, ENET_PHY.A.PHY0_TD_N, init_pins, PA22/GPTMR2.CAPT0/UART5.RXD/SPI2.MISO/ETH0.TXER/QEO0.B/SDM0.DAT0/OWR1.DAT/ENET_PHY.PHY0_TD_N
G2, PA23, ENET_PHY.A.PHY0_TD_P, init_pins, PA23/GPTMR2.COMP0/UART5.TXD/SPI2.MOSI/ESC0.P0_RXER/ETH0.RXER/QEO0.A/SDM0.CLK0/ENET_PHY.PHY0_TD_P
G3, PA24, ENET_PHY.A.PHY1_RB, init_pins, PA24/GPTMR2.COMP1/UART6.TXD/SPI3.CS2/ESC0.P0_TXCK/ENET_PHY.PHY1_RB
F1, PA25, ESC0.E.CTR[0], init_pins, PA25/GPTMR2.CAPT1/UART6.RXD/SPI3.CS1/ESC0.P0_TXD0/ESC0.CTR0/ENET_PHY.PHY1_LED1
F2, PA26, ENET_PHY.A.PHY1_LED0, init_pins, PA26/GPTMR2.COMP2/UART6.DE/UART6.RTS/SPI3.SCLK/ESC0.P0_TXD1/QEI1.H1/EWDG0.RST/ENET_PHY.PHY1_LED0
E1, PA27, ENET_PHY.A.PHY0_RB, init_pins, PA27/UART6.CTS/SPI3.CS0/ESC0.P0_TXD2/QEI1.F/ENET_PHY.PHY0_RB
E2, PA28, ESC0.E.CTR[1], init_pins, PA28/UART7.CTS/SPI3.MISO/ESC0.P0_TXD3/ESC0.CTR1/QEI1.H0/ENET_PHY.PHY0_LED1
E3, PA29, ENET_PHY.A.PHY0_LED0, init_pins, PA29/GPTMR3.COMP3/UART7.DE/UART7.RTS/SPI3.MOSI/ESC0.P0_TXEN/QEI1.Z/ENET_PHY.PHY0_LED0
D2, PA30, ESC0.A.MDIO, init_pins, PA30/UART7.RXD/SPI3.DAT2/ESC0.MDIO/ETH0.MDIO/QEI1.A/ENET_PHY.MDIO
D3, PA31, ESC0.A.MDC, init_pins, PA31/GPTMR2.COMP3/UART7.TXD/SPI3.DAT3/ESC0.MDC/ETH0.MDC/QEI1.B/ENET_PHY.MDC
B6, PB29, QEI1.B.Z, init_pins, PB29/XPI0.CA_SCLK/QEI1.Z/SDM0.DAT1/ETH0.EVTO1/EUI1.DO/ESC0.EVTO1
A5, PB30, QEI1.B.A, init_pins, PB30/ESC0.CTR7/XPI0.CA_CS0/QEI1.A/SDM0.CLK0
A6, PB31, QEI1.B.B, init_pins, PB31/ESC0.CTR8/XPI0.CA_D3/QEI1.B/SDM0.DAT0
B7, PC09, SPI1.B.CS[1], init_pins, PC09/GPTMR0.CAPT1/UART2.RXD/I2C0.SDA/SPI1.CS1/MCAN2.RXD/ESC0.GPI54/ESC0.GPO09/PPI0.DQ23/XPI0.CB_CS1/PWM1.P1/TRGM.P09/ESC0.GPI06/QEI1.H1/ESC0.CTR0
A7, PC10, SPI1.B.SCLK, init_pins, PC10/GPTMR0.COMP2/UART2.DE/UART2.RTS/SPI1.SCLK/MCAN2.STBY/ESC0.GPI53/ESC0.GPO10/PPI0.DQ20/XPI0.CB_D0/PWM1.P2/TRGM.P10/ESC0.GPI05/QEI1.F/ESC0.CTR1
B8, PC12, SPI1.B.MISO, init_pins, PC12/UART3.CTS/I2C1.SDA/SPI1.MISO/ESC0.GPI51/ESC0.GPO12/PPI0.DM2/XPI0.CA_D2/PWM1.P4/TRGM.P12/ESC0.GPI03/QEI1.Z/QEO1.Z/ESC0.CTR3
A8, PC13, SPI1.B.MOSI, init_pins, PC13/GPTMR1.COMP3/UART3.DE/UART3.RTS/I2C1.SCL/SPI1.MOSI/MCAN3.STBY/ESC0.GPI50/ESC0.GPO13/PPI0.DQ18/XPI0.CA_CS1/PWM1.P5/TRGM.P13/ESC0.GPI02/QEI1.A/QEO1.A/ESC0.CTR4
B10, PD00, MCAN0.D.TXD, init_pins, PD00/MCAN0.TXD/ESC0.GPI31/ESC0.GPO32/PPI0.DQ02/PWM0.P0/TRGM.P00/ESC0.REFCK/ESC0.CTR0
B11, PD01, MCAN0.D.RXD, init_pins, PD01/MCAN0.RXD/ESC0.GPI30/ESC0.GPO33/PPI0.DQ03/PWM0.P1/TRGM.P01/ESC0.REFCK/ESC0.CTR1
C10, PD02, PWM0.D.P[2], init_pins, PD02/I2C2.SCL/MCAN0.STBY/ESC0.GPI29/ESC0.GPO34/PPI0.DQ00/PWM0.P2/TRGM.P02/ESC0.SCL/QEI0.H1/EWDG1.RST/ESC0.CTR2
C11, PD03, PWM0.D.P[3], init_pins, PD03/I2C2.SDA/MCAN1.STBY/ESC0.GPI28/ESC0.GPO35/PPI0.DQ01/PWM0.P3/TRGM.P03/ESC0.SDA/QEI0.F/ESC0.CTR3
D9, PD04, PWM0.D.P[4], init_pins, PD04/MCAN1.RXD/ESC0.GPI27/ESC0.GPO36/PPI0.DQ10/PWM0.P4/TRGM.P04/QEI0.H0/ESC0.CTR4
D10, PD05, PWM0.D.P[5], init_pins, PD05/MCAN1.TXD/ESC0.GPI26/ESC0.GPO37/PPI0.DQ13/PWM0.P5/TRGM.P05/QEI0.Z/QEO0.Z/ESC0.CTR5
D11, PD06, PWM0.D.P[6], init_pins, PD06/I2C3.SDA/ESC0.GPI25/ESC0.GPO38/PPI0.DQ14/PWM0.P6/TRGM.P06/QEI0.B/QEO0.B/ESC0.CTR6
E9, PD07, PWM0.D.P[7], init_pins, PD07/I2C3.SCL/ESC0.GPI24/ESC0.GPO39/PPI0.CTR3/PWM0.P7/TRGM.P07/QEI0.A/QEO0.A/ESC0.CTR7
L10, PF02, ETH0.B.TXCK, init_pins, PF02/I2C2.SCL/MCAN0.STBY/ESC0.P1_TXCK/PWM0.P2/TRGM.P02/ETH0.TXCK/QEI0.H1/QEO1.Z/EUI0.CK
J10, PF03, ETH0.B.TXD[0], init_pins, PF03/I2C2.SDA/MCAN1.STBY/ESC0.P1_TXD0/PWM0.P3/TRGM.P03/ETH0.TXD0/QEI0.F/EUI0.SH
H9, PF04, ETH0.B.TXD[1], init_pins, PF04/MCAN1.RXD/ESC0.P1_TXD1/PWM0.P4/TRGM.P04/ETH0.TXD1/QEI0.H0/EUI0.DI
G9, PF05, ETH0.B.TXD[2], init_pins, PF05/MCAN1.TXD/ESC0.P1_TXD2/PWM0.P5/TRGM.P05/ETH0.TXD2/QEI0.Z/QEO0.Z/EUI0.DO
K11, PF06, ETH0.B.TXD[3], init_pins, PF06/I2C3.SDA/ESC0.P1_TXD3/PWM0.P6/TRGM.P06/ETH0.TXD3/QEI0.B/QEO0.B
H11, PF07, ETH0.B.TXEN, init_pins, PF07/I2C3.SCL/ESC0.P1_TXEN/PWM0.P7/TRGM.P07/ETH0.TXEN/QEI0.A/QEO0.A
G11, PF08, ETH0.B.RXDV, init_pins, PF08/I2C0.SCL/MCAN2.TXD/ESC0.P1_RXDV/PWM1.P0/TRGM.P08/ETH0.RXDV/EUI1.CK
H10, PF09, ETH0.B.RXD[0], init_pins, PF09/I2C0.SDA/MCAN2.RXD/ESC0.P1_RXD0/PWM1.P1/TRGM.P09/ETH0.RXD0/EUI1.SH
L9, PF10, ETH0.B.RXD[1], init_pins, PF10/MCAN2.STBY/ESC0.P1_RXD1/PWM1.P2/TRGM.P10/ETH0.RXD1/EUI1.DI
G10, PF11, ETH0.B.RXD[2], init_pins, PF11/ESC0.P1_RXD2/PWM1.P3/TRGM.P11/ETH0.RXD2/EUI1.DO
K10, PF12, ETH0.B.RXD[3], init_pins, PF12/I2C1.SDA/ESC0.P1_RXD3/PWM1.P4/TRGM.P12/ETH0.RXD3/OWR0.DAT
J11, PF13, ETH0.B.RXCK, init_pins, PF13/I2C1.SCL/MCAN3.STBY/ESC0.P1_RXCK/PWM1.P5/TRGM.P13/ETH0.RXCK/OWR1.DAT
K9, PF14, ETH0.B.RXER, init_pins, PF14/MCAN3.RXD/ESC0.P1_RXER/PWM1.P6/TRGM.P14/ETH0.RXER
K6, PF16, ADC0.A.IN08, init_pins, PF16/SDM0.DAT0/ADC0.IN08/ADC1.IN08/ACMP0_CH0.INN7
L7, PF18, ADC0.A.IN11, init_pins, PF18/SDM0.DAT1/USB0.PWR/ETH0.EVTO0/ESC0.EVTO0/ADC0.IN11/ADC1.IN11/ACMP0_CH1.INP7
K5, PF19, ADC0.A.IN13, init_pins, PF19/SDM0.CLK1/USB0.PWR/ADC0.IN13/ADC1.IN13/ACMP0_CH0.INP7
L5, PF20, ADC0.A.IN03, init_pins, PF20/SDM0.DAT3/USB0.OC/ETH0.EVTO1/ESC0.EVTO1/ADC0.IN03/ADC1.IN03/ACMP0_CH0.INP4/ACMP0_CH1.INP4
J8, PF21, ADC0.A.IN02, init_pins, PF21/SDM0.DAT2/USB0.ID/ETH0.EVTI0/ESC0.EVTI0/ADC0.IN02/ADC1.IN02/ACMP0_CH0.INN4/ACMP0_CH1.INN4
L8, PF22, ADC0.A.IN14, init_pins, PF22/SDM0.CLK2/USB0.ID/ETH0.EVTI1/ESC0.EVTI1/ADC0.IN14/ADC1.IN14/ACMP0_CH0.INN5/ACMP0_CH1.INN5
J7, PF23, ADC0.A.IN15, init_pins, PF23/SDM0.CLK3/USB0.OC/ADC0.IN15/ADC1.IN15/ACMP0_CH0.INN3/ACMP0_CH1.INN3
K7, PF24, ADC0.A.IN10, init_pins, PF24/SDM0.DAT0/ADC0.IN10/ADC1.IN10/ACMP0_CH0.INP5/ACMP0_CH1.INP5
L6, PF26, ADC0.A.IN01, init_pins, PF26/SDM0.DAT1/ADC0.IN01/ADC1.IN01/ACMP0_CH0.INN6/ACMP0_CH1.INN6
K8, PF27, ADC0.A.IN00, init_pins, PF27/SDM0.CLK1/ADC0.IN00/ADC1.IN00/ACMP0_CH0.INP6/ACMP0_CH1.INP6
undefined, PV00, ESC0.C.P0_RXDV, init_pins, PV00/ESC0.P0_RXDV/ENET_PHY.PHY0_RXDV
undefined, PV01, ESC0.C.P0_RXD[0], init_pins, PV01/ESC0.P0_RXD0/ENET_PHY.PHY0_RXD0
undefined, PV02, ESC0.C.P0_RXD[1], init_pins, PV02/ESC0.P0_RXD1/ENET_PHY.PHY0_RXD1
undefined, PV03, ESC0.C.P0_RXD[2], init_pins, PV03/ESC0.P0_RXD2/ENET_PHY.PHY0_RXD2
undefined, PV04, ESC0.C.P0_RXD[3], init_pins, PV04/ESC0.P0_RXD3/ENET_PHY.PHY0_RXD3
undefined, PV05, ESC0.C.P0_RXCK, init_pins, PV05/ESC0.P0_RXCK/ENET_PHY.PHY0_RXCLK
undefined, PV06, ESC0.C.P0_TXCK, init_pins, PV06/ESC0.P0_TXCK/ENET_PHY.PHY0_TXCLK
undefined, PV07, ESC0.C.P0_TXD[0], init_pins, PV07/ESC0.P0_TXD0/ENET_PHY.PHY0_TXD0
undefined, PV08, ESC0.C.P0_TXD[1], init_pins, PV08/ESC0.P0_TXD1/ENET_PHY.PHY0_TXD1
undefined, PV09, ESC0.C.P0_TXD[2], init_pins, PV09/ESC0.P0_TXD2/ENET_PHY.PHY0_TXD2
undefined, PV10, ESC0.C.P0_TXD[3], init_pins, PV10/ESC0.P0_TXD3/ENET_PHY.PHY0_TXD3
undefined, PV11, ESC0.C.P0_TXEN, init_pins, PV11/ESC0.P0_TXEN/ENET_PHY.PHY0_TXEN
undefined, PV12, GPIO.A.V[12], init_pins, PV12/ENET_PHY.PHY0_RSTN
undefined, PV15, ESC0.C.P0_RXER, init_pins, PV15/ESC0.P0_RXER/ENET_PHY.PHY0_RXER
undefined, PW00, ESC0.C.P1_RXDV, init_pins, PW00/ESC0.P1_RXDV/ETH0.RXDV/ENET_PHY.PHY1_RXDV
undefined, PW01, ESC0.C.P1_RXD[0], init_pins, PW01/ESC0.P1_RXD0/ETH0.RXD0/ENET_PHY.PHY1_RXD0
undefined, PW02, ESC0.C.P1_RXD[1], init_pins, PW02/ESC0.P1_RXD1/ETH0.RXD1/ENET_PHY.PHY1_RXD1
undefined, PW03, ESC0.C.P1_RXD[2], init_pins, PW03/ESC0.P1_RXD2/ETH0.RXD2/ENET_PHY.PHY1_RXD2
undefined, PW04, ESC0.C.P1_RXD[3], init_pins, PW04/ESC0.P1_RXD3/ETH0.RXD3/ENET_PHY.PHY1_RXD3
undefined, PW05, ESC0.C.P1_RXCK, init_pins, PW05/ESC0.P1_RXCK/ETH0.RXCK/ENET_PHY.PHY1_RXCLK
undefined, PW06, ESC0.C.P1_TXCK, init_pins, PW06/ESC0.P1_TXCK/ETH0.TXCK/ENET_PHY.PHY1_TXCLK
undefined, PW07, ESC0.C.P1_TXD[0], init_pins, PW07/ESC0.P1_TXD0/ETH0.TXD0/ENET_PHY.PHY1_TXD0
undefined, PW08, ESC0.C.P1_TXD[1], init_pins, PW08/ESC0.P1_TXD1/ETH0.TXD1/ENET_PHY.PHY1_TXD1
undefined, PW09, ESC0.C.P1_TXD[2], init_pins, PW09/ESC0.P1_TXD2/ETH0.TXD2/ENET_PHY.PHY1_TXD2
undefined, PW10, ESC0.C.P1_TXD[3], init_pins, PW10/ESC0.P1_TXD3/ETH0.TXD3/ENET_PHY.PHY1_TXD3
undefined, PW11, ESC0.C.P1_TXEN, init_pins, PW11/ESC0.P1_TXEN/ETH0.TXEN/ENET_PHY.PHY1_TXEN
undefined, PW12, GPIO.A.W[12], init_pins, PW12/ENET_PHY.PHY1_RSTN
undefined, PW15, ESC0.C.P1_RXER, init_pins, PW15/ESC0.P1_RXER/ENET_PHY.PHY1_RXER
undefined, PW20, ESC0.C.REFCK, init_pins, PW20/ESC0.REFCK/ENET_PHY.PHY1_XI
undefined, PW21, ESC0.D.REFCK, init_pins, PW21/ESC0.REFCK/ENET_PHY.PHY0_XI
